id,categoria,plataforma,precio_objetivo_usd,complejidad_1a5,confianza,vendedores_con_tracción,rango_precio_vendedores_usd,alternativas_gratuitas,fuentes_de_brecha,brecha
steps-recorder-successor-local,captura,windows,29,3,med,4,25-44.99,4,4,"Microsoft deprecó el Steps Recorder (PSR.exe; anuncio nov-2023) y solo sugiere Snipping Tool, Xbox Game Bar o Clipchamp, que no generan una guía paso a paso por clic. Lo que sí auto-genera pasos (Scribe, Tango, Guidde) e"
scanned-photo-splitter-robust,captura,cross,29,3,med,2,29.95-29.95,4,3,Dividir y enderezar varias fotos escaneadas juntas en un escáner plano depende de que haya huecos claros entre ellas. Un usuario reporta que AutoSplitter no reconoce nada con huecos pequeños y acierta solo 30-50% con hue
audio-anonimizador-entrevistas,ia_dev,cross,39,3,med,3,69-299,3,5,"Quien debe compartir o archivar grabaciones de entrevistas (tesistas e investigadores cualitativos, periodistas, RR.HH., docentes) tiene que silenciar a mano nombres, telefonos y lugares en un editor de audio. El softwar"
extractos-bancarios-local-csv,ia_dev,cross,49,3,med,3,129-129,3,4,"Convertir extractos bancarios PDF (incluidos escaneados y con descripciones multilinea) a CSV/Excel sin subirlos a la nube: los gratuitos locales (Tabula, pdfplumber) solo manejan PDFs con capa de texto y fallan con fila"
dividir-excel-por-columna,automatizacion,cross,,5,low,2,33.96-33.96,4,3,"Dividir una tabla de Excel en un archivo por cada valor de una columna (un archivo por vendedor, sucursal, cliente o grupo), conservando formato y fórmulas y nombrando los archivos con una plantilla, sin VBA ni Power Que"
cross-platform-filename-preflight,utilidades,cross,9.99,4,low,2,,4,4,"Al mover carpetas creadas en Mac/NAS/Windows antiguo a OneDrive/SharePoint/Dropbox (o a discos exFAT/ZIP) fallan por caracteres inválidos (< > : "" | ? * / \), espacios al inicio/fin, nombres reservados y rutas de más de "
ia-por-lotes-tabla,ia_dev,cross,29,4,low,4,39-79,6,5,"Ejecutar el mismo prompt sobre cientos o miles de filas de un CSV/Excel (descripciones de producto, clasificacion, limpieza, traduccion) o extraer campos definidos por el usuario de una carpeta de PDFs, con clave propia "
emails-a-pdf-por-lotes,automatizacion,cross,,4,low,4,0-299,4,4,"Convertir en lote cientos de correos guardados (.msg de Outlook, .eml/.emlx de Apple Mail y Thunderbird) a un PDF por correo, conservando el nombre original o una plantilla fecha_remitente_asunto y sin perder los adjunto"
limpiador-metadatos-oficina,automatizacion,cross,19,4,low,2,19-19,4,3,"Quitar en lote autor, comentarios, cambios con control de cambios, texto oculto y propiedades de documento de muchos archivos Word/Excel/PowerPoint/PDF antes de enviarlos a clientes. El Inspector de documentos de Office "
conciliador-payouts-etsy-csv,profesional,web,39,4,low,3,21-29,4,4,"Etsy deposita montos netos que no coinciden con las ventas; el tenedor de libros debe combinar varios CSV (Orders, Payments, Fees, Deposits) y separar ventas brutas, comisiones, reembolsos, envio e impuestos en lineas co"
cotizador-ponderado-traductores,profesional,cross,39,4,low,2,,4,3,"Los traductores freelance pasan de un informe de analisis de CAT (Trados) a un conteo ponderado por coincidencias parciales y luego a una cotizacion, con Excel o herramientas online ad hoc; un hilo de la comunidad RWS re"
takeout-photo-date-fixer-gui,utilidades,cross,19.99,3,low,2,,5,4,"Al exportar con Google Takeout, la fecha real y el GPS de cada foto quedan en archivos .json aparte y los archivos pierden el orden cronológico (aparecen con la fecha de exportación). Las soluciones gratuitas son de líne"
apple-photos-export-onetime,utilidades,mac,19.99,3,low,1,12.99-12.99,4,2,"Exportar una fototeca de Apple Photos (con 'Optimizar almacenamiento' los originales viven en iCloud) a carpetas por año/mes/álbum con EXIF/GPS, ediciones y Live Photos. Lo gratuito potente (osxphotos) es de terminal y l"
screen-recording-secret-redactor,captura,cross,29,3,low,4,19-114,4,4,"La redacción de secretos en grabaciones de pantalla se hace en vivo (Censr, DataBlur, SafeCast) o con máscaras manuales dentro del editor que no siguen el scroll. En el hub de Screen Studio, un usuario pide una máscara q"
face-plate-anonymizer-offline,captura,cross,29,3,low,3,114-114,4,3,"Anonimizar rostros y matrículas en fotos y videos sin subirlos a la nube tiene un salto de precio y usabilidad: las opciones gratuitas son académicas (VideOptimize, solo rostros), de código abierto orientadas a desarroll"
libro-a-audio-local,ia_dev,windows,29,3,low,1,34.95-34.95,4,4,"Convertir EPUB/PDF/DOCX propios en audiolibro (MP3/M4B con capitulos) con voces neuronales locales sin instalar Python ni ffmpeg: Audiblez pide entorno virtual + pip + ffmpeg, Narrapy pide Python 3.10-3.12 + ffmpeg + esp"
etiquetado-fotos-ia-local,ia_dev,cross,29,3,low,4,199-199,4,3,"Generar titulos, descripciones, palabras clave y alt text para carpetas de fotos con un modelo de vision local (sin clave API ni suscripcion) y escribirlos en IPTC/XMP o CSV por agencia de stock. Las herramientas baratas"
autoguardado-adjuntos-correo,automatizacion,mac,24,3,low,2,25-29.95,4,4,"Guardar automaticamente los adjuntos de correos entrantes (por remitente o asunto) en carpetas con renombrado, en Apple Mail y Outlook para Mac. Un usuario cuenta que Outlook (Mac) permitia una regla de servidor para gua"
takeoff-pdf-oficios-mac-pago-unico,profesional,mac,59,3,low,4,9.99-99,4,3,"Bluebeam es Windows primero; los programas de takeoff por oficio (Square Takeoff, Togal.AI) son nube/suscripcion y el unico takeoff nativo para Mac que halle (Clankoot Studio) cobra $9.99/mes. Las opciones de pago unico "
publisher-pub-converter,utilidades,cross,14.99,2,low,0,,4,3,Microsoft retiró Publisher: los suscriptores de Microsoft 365 pierden el acceso el 1-oct-2026 y las versiones perpetuas dejan de tener soporte el 13-oct-2026 (las fuentes difieren). Microsoft pide convertir antes de esa 
traductor-pdf-local-formato,ia_dev,windows,39,2,low,1,29.97-29.97,3,3,"Traducir PDFs conservando el diseno, 100% local y sin terminal. PDFMathTranslate/BabelDOC (gratis) usan por defecto servicios en linea y la ruta offline pasa por Ollama (tecnica); Argos Translate es offline pero trabaja "
culling-ia-local-pago-unico,profesional,cross,79,2,low,5,10-139,4,4,"El culling asistido por IA (ojos cerrados, desenfoque, duplicados) se vende casi solo por suscripcion (Aftershoot ~$120/ano, Narrative Select ~$10-15/mes facturado anual, FilterPixel ~$180/ano). Las opciones de pago unic"
