id,region,pain_point,micro_app_idea,score,evidence,payment,urgency,build,demand,free_alts,confidence,gaps
home-inventory-insurance-local,US,"Documenting belongings, receipts and warranties for an insurance claim is tedious, and the good apps lock exports behind yearly subscriptions or are iPhone-only.","Local-first home inventory: add items by photo, attach receipts/serials/warranty dates, set expiry reminders, export an insurer-ready PDF/CSV; Windows/Mac/Android-friendly, one-time purchase.",54.9,0.75,1.0,0.5,0.75,0.4,0,med,no_search_volume
offline-pdf-toolkit,US,"Free web PDF tools upload sensitive files to unknown servers, watermark output, cap daily use and push subscriptions, so people hesitate to merge/compress/sign contracts, IDs and statements.","A local-only (nothing uploaded) PDF toolkit: merge, split, reorder, rotate, compress and redact, sold once and usable offline.",52.9,1.0,0.77,0.5,0.75,0.4,0,med,no_search_volume
local-audio-file-transcriber,US,"Transcription subscriptions cap uploads/minutes, auto-renew in surprising ways and are hard to cancel; people with recorded interviews/meetings want a pay-once, offline option.","Drag-and-drop offline transcription of audio/video files (Whisper-class model bundled) exporting TXT/SRT/DOCX, one-time purchase, Windows and Mac.",52.8,1.0,1.0,0.5,0.5,0.4,0,med,no_search_volume
offline-invoice-generator-freelancers,US,Freelancers want to send a professional invoice in minutes and chase late payments without paying a monthly invoicing subscription or card-processing fees.,"Offline invoice maker with client list, numbering, tax/discount lines, PDF export and ready-made overdue-reminder email templates; one-time price.",52.8,1.0,1.0,0.25,1.0,0.4,0,med,no_search_volume
in-gst-billing-offline-onetime,ASIA,Pequeños comerciantes de India pagan suscripciones anuales por software de facturación GST y buscan una opción offline de pago único,"App de facturación GST offline con HSN, GSTIN por estado, catálogo y exportación PDF/WhatsApp, vendida en pago único",43.4,0.75,0.53,0.5,1.0,0.2,0,med,no_search_volume
br-motorista-app-lucro-real,LATAM,"Motoristas de aplicativo en Brasil se guian por el total bruto de la pantalla y no saben su lucro real por corrida, por km y por hora tras combustible, depreciacion y comisiones.","Calculadora offline que, con km, litros, precio, comision y horas, entrega lucro por corrida, por km y por hora, y compara plataformas/franjas.",42.0,1.0,0.3,0.75,1.0,0.4,1,med,no_price_anchor;no_search_volume
ar-courier-impuestos-compras-exterior,LATAM,"Compradores argentinos de Shein, Temu y Amazon no saben cuanto pagaran de impuestos tras el cambio del regimen courier (franquicia, cantidad de envios, IVA) y ese regimen podria volver a cambiar.","Calculadora que, dado el valor FOB, flete y numero de envio del ano, estima derechos, IVA y costo final puesto en Argentina, y compara con el precio local.",40.4,0.5,0.3,0.75,0.75,0.9,1,med,no_price_anchor
subscription-audit-from-bank-csv,US,"People badly underestimate and forget recurring charges (trials never cancelled, services no longer used) and cancellation is often hard.","Import a bank/credit-card CSV or PDF statement locally, auto-detect recurring charges, show monthly/annual totals, and generate a cancel/renewal-date checklist; no bank login.",39.9,1.0,0.3,0.5,0.75,0.4,0,med,no_price_anchor;no_search_volume
dac7-ledger-vendedores-segunda-mano,EU,"Los particulares que venden en Vinted, eBay Kleinanzeigen, Etsy o Wallapop temen cruzar el umbral DAC7 (30 ventas o 2.000 EUR por plataforma) y no saben si deben declarar o pasar a autónomo","Libro de ventas local por plataforma con contadores de umbral DAC7, margen por artículo (precio de compra vs venta), resumen anual exportable y aviso informativo de 'particular vs actividad comercial'",39.9,1.0,0.3,0.5,0.75,0.4,0,med,no_price_anchor;no_search_volume
resume-builder-no-billing-trap,US,"Resume builders advertise cheap trials/one-time downloads, then bill every ~4 weeks and make cancelling or refunds hard.","A local resume builder with ATS-safe templates, PDF/DOCX export and a rule-based keyword-gap check against a pasted job posting; pay once, no account.",38.8,1.0,0.3,0.5,1.0,0.4,1,med,no_price_anchor;no_search_volume
nebenkosten-check-mieter,EU,"Los inquilinos en Alemania no saben si su Nebenkostenabrechnung (liquidación anual de gastos) es correcta, y hacerla revisar cuesta entre 15 y 100 EUR o mucho tiempo","App local que guía al inquilino por una lista de comprobación de la liquidación (superficie, partidas no repercutibles, clave de reparto, lecturas, plazos), marca posibles errores y genera una carta de objeción para el casero",38.2,0.75,0.3,0.75,0.5,0.4,0,med,no_price_anchor;no_search_volume
in-exam-photo-signature-resizer,ASIA,"Postulantes a exámenes gubernamentales en India ven rechazadas sus fotos y firmas por tamaño en píxeles y KB (p. ej. 200x230 px bajo 50 KB, firma 10-20 KB)","App con presets por examen que recorta la firma, redimensiona y comprime foto y firma a las dimensiones y KB exactas y verifica ambos límites",37.9,1.0,0.3,0.75,1.0,0.2,1,med,no_price_anchor;no_search_volume
latam-reposteria-costeo-es,LATAM,"Reposteras y emprendedores de comida casera no saben cuanto cobrar: no calculan costo por porcion, empaque ni margen y venden por WhatsApp con precios al ojo.","Calculadora de ficha tecnica que obtiene costo por porcion, precio sugerido con margen e impuesto local y genera el mensaje de precio listo para WhatsApp.",37.1,0.75,0.3,0.5,1.0,0.4,1,med,no_price_anchor;no_search_volume
mileage-log-manual-export,US,"Auto mileage trackers (MileIQ) cost over $100/year, auto-renew, miss trips and are hard to cancel; many only need a simple compliant log.","A private mileage log (manual or odometer-based entry, saved places, purpose templates) that exports a clean date/purpose/miles report; one-time purchase, data stays on device.",36.8,1.0,0.3,0.5,0.5,0.4,0,med,no_price_anchor;no_search_volume
id-sscasn-document-prep,ASIA,"Postulantes a CPNS/SSCASN en Indonesia ven rechazados archivos por formato y tamaño (foto fondo rojo JPG de unos 200 KB, PDFs con límites por documento)","App offline que recorta foto 3:4 con fondo rojo, comprime a KB objetivo y reduce PDFs por tipo de documento verificando los límites del portal",36.6,1.0,0.3,0.75,1.0,0.3,2,med,no_price_anchor;no_search_volume
mx-freelancer-usd-cfdi-resico,LATAM,"Freelancers en Mexico que cobran a clientes del extranjero no saben como emitir el CFDI (RFC generico), si aplica IVA 0% o 16% ni como tratar el tipo de cambio dentro de RESICO.","Asistente que arma los datos del CFDI para cliente extranjero (clave generica, uso, IVA 0% o 16% segun tipo de servicio) y calcula el pago mensual RESICO con ingresos en USD.",36.6,1.0,0.3,0.75,0.5,0.4,1,med,no_price_anchor;no_search_volume
rechtstexte-generator-datenschutz-impressum,EU,"Freelancers y pequeños sitios web en DE/AT necesitan Impressum, Datenschutzerklärung y aviso de cookies correctos y temen avisos legales (Abmahnungen), pero los generadores serios cobran por suscripción","Asistente offline que, con un cuestionario, genera Impressum, política de privacidad y texto de cookies para una web sencilla en el idioma y la ley del país, con aviso de límites y sin actualizaciones por suscripción",35.3,0.75,0.3,0.5,0.5,0.4,0,med,no_price_anchor;no_search_volume
offline-batch-file-converter,US,"Free online converters (HEIC, PDF, images) cap batches/day, paywall the download, or trap users into hidden recurring charges after a tiny first payment.","An offline drag-and-drop batch converter (HEIC/WebP/PNG/JPG/PDF images) with no daily limits, no account and no upsell.",35.2,1.0,0.3,0.5,1.0,0.4,2,med,no_price_anchor;no_search_volume
qr-code-permanent-static-kit,US,"Printed dynamic QR codes stop working when a free trial/subscription ends or scan limits are reached, stranding menus, flyers and signage.","Offline QR kit that creates permanent static codes (URL, Wi-Fi, vCard, text) with print-ready SVG/PNG/PDF export, batch-from-CSV and scan-contrast check.",35.2,1.0,0.3,0.5,1.0,0.4,2,med,no_price_anchor;no_search_volume
id-coretax-xml-validator,ASIA,"Contadores y pequeñas empresas en Indonesia pierden horas con errores al importar XML de faktur pajak y bukti potong en Coretax (campos vacíos, formato, 100+ líneas de error)",Validador y convertidor local Excel a XML para Coretax que revisa campos obligatorios y formato antes de subir y explica cada error en lenguaje claro,35.1,0.75,0.3,0.75,0.5,0.4,1,med,no_price_anchor;no_search_volume
vn-marketplace-fee-profit-tax,ASIA,"Vendedores de Shopee y TikTok Shop en Vietnam ven subir las comisiones en mayo de 2026 y la plataforma retiene 1,5% (1% IVA + 0,5% IRPF), por lo que calcular la ganancia real es confuso","Calculadora offline de ganancia por pedido con comisión por categoría, tarifa de procesamiento COD, retención de 1,5% y exportación a CSV",35.1,1.0,0.3,0.75,0.5,0.3,1,med,no_price_anchor;no_search_volume
sepa-xml-desde-excel,EU,"Pymes, asociaciones y autónomos que pagan o cobran en lote necesitan un fichero SEPA XML (pain.001 / pain.008) para su banca online y no saben generarlo desde Excel o CSV","App offline que importa Excel/CSV, valida IBAN/BIC y límites del banco, y genera el XML SEPA de transferencias o domiciliaciones listo para subir",33.8,1.0,0.3,0.25,1.0,0.4,1,med,no_price_anchor;no_search_volume
e-rechnung-reader-offline,EU,"Autónomos y micropymes de DE/FR/IT/PL deben poder recibir facturas electrónicas estructuradas (XRechnung, ZUGFeRD/Factur-X, FatturaPA, KSeF) que no se leen como un PDF normal","App de escritorio offline que abre cualquier factura electrónica (XML o PDF híbrido), la muestra legible, la exporta a PDF/CSV, la archiva con hash y permite emitir una factura mínima en el formato del país",33.6,1.0,0.3,0.75,0.75,0.5,3,med,no_price_anchor;no_search_volume
in-bank-statement-pdf-to-tally,ASIA,Contadores y CAs pequeños en India reescriben a mano (o convierten PDF a Excel a Tally) los extractos bancarios de cada cliente para cargarlos en Tally,"App de escritorio offline que lee PDFs de extractos bancarios, deja revisar y etiquetar transacciones y exporta XML importable a TallyPrime",33.6,0.75,0.3,0.75,0.5,0.3,1,med,no_price_anchor;no_search_volume
br-freelancer-dolar-nfse-carneleao,LATAM,"Freelancers en Brasil que cobran en dolares no tienen claro que nota fiscal emitir (NFS-e de exportacion), a que cotizacion convertir, si hay ISS y como lanzarlo en MEI, Simples o Carne-Leao.","Guia interactiva y calculadora que segun el regimen (MEI, Simples, PF) indica que documento emitir, convierte USD a BRL con la fecha/cotizacion elegida y arma el resumen mensual para Relatorio Mensal, PGDAS-D o Carne-Leao.",33.3,1.0,0.3,0.75,0.5,0.4,2,med,no_price_anchor;no_search_volume
br-cripto-darf-ganho-capital,LATAM,"Inversionistas cripto en Brasil no saben calcular la ganancia de capital mensual (exencion de R$ 35 mil en ventas), generar el DARF 4600 ni declararlo en el IRPF.","Calculadora que importa el historial de operaciones (CSV), aplica costo medio y la regla de R$ 35 mil mensuales, y genera el valor del DARF 4600 y el resumen para el IRPF.",33.3,1.0,0.3,0.5,0.75,0.4,2,med,no_price_anchor;no_search_volume
vn-ho-kinh-doanh-so-ke-toan,ASIA,Desde 2026 todos los hộ kinh doanh de Vietnam deben llevar libros contables (Thông tư 152/2025) y no saben qué modelo S1a/S2a aplicar ni cómo llevarlos,"App offline que genera y mantiene los libros S1a/S2a/etc. por rubro de actividad, con exportación a Excel/PDF y guardado por 5 años",32.5,1.0,0.3,0.75,0.75,0.2,2,med,no_price_anchor;no_search_volume
jp-pdf-tools-lifetime,ASIA,Usuarios japoneses buscan combinar y comprimir PDFs sin suscripción y sin subir archivos sensibles a la web,"App de escritorio u offline para unir, dividir y comprimir PDFs con vista previa, en pago único",32.0,0.5,0.53,0.25,1.0,0.1,0,med,no_search_volume
id-marketplace-seller-profit-pph22,ASIA,"Vendedores de Shopee, Tokopedia y TikTok Shop en Indonesia no conocen su margen real tras las alzas de comisión de 2026 y el nuevo cobro de PPh 22 (0,5%) por el marketplace","Calculadora offline por pedido o SKU con tablas de comisión editables y PPh 22, que importa el reporte de ingresos del vendedor y muestra el margen real",31.9,1.0,0.3,0.75,0.5,0.3,2,med,no_price_anchor;no_search_volume
kr-freelancer-33-refund-expense,ASIA,"Freelancers de Corea no entienden cuánto del 3,3% retenido pueden recuperar y cómo registrar gastos (libro simplificado vs tasa de gastos)","App local que registra ingresos con retención de 3,3% y gastos, y estima la devolución según tasa simple, tasa estándar o libro simplificado",31.9,1.0,0.3,0.5,0.75,0.3,2,med,no_price_anchor;no_search_volume
br-confeiteira-precificacao,LATAM,"Confeiteiras y microempreendedoras en Brasil no sabem calcular o preco de venda (ficha tecnica, embalagem, DAS do MEI, taxa de maquininha) e usam atalhos como multiplicar insumos por tres.","Calculadora de precificacao com ficha tecnica por receita, rateio do DAS do MEI y taxas, que sugiere preco por markup o margen y genera la lista de precios para WhatsApp.",31.8,0.5,0.3,0.5,1.0,0.4,2,med,no_price_anchor;no_search_volume
offline-voice-noise-cleaner,US,Cleaning background noise from voice recordings means a manual Audacity workflow or a cloud tool with daily caps and subscriptions.,"Drop in a voice recording/video, get an offline AI-denoised file with one strength slider; batch support; one-time purchase.",30.5,1.0,0.77,0.25,0.5,0.3,0,low,no_search_volume
ar-freelancer-factura-e-cobro-exterior,LATAM,"Freelancers argentinos que cobran del exterior no tienen claro qué factura emitir (C o E), si lo cobrado suma al tope del monotributo ni qué ruta de cobro (Payoneer, Wise, Deel, cripto) les deja más neto.","Asistente que calcula el neto por ruta de cobro, simula el impacto en la categoría del monotributo y arma la ficha de datos para emitir la Factura E en ARCA.",30.0,1.0,0.3,0.75,0.5,0.4,3,med,no_price_anchor;no_search_volume
mx-carta-porte-micro-transportistas,LATAM,"Pequenos transportistas en Mexico cometen errores al llenar el complemento Carta Porte (clave de producto, fechas, domicilios) y enfrentan multas y cambios de version del SAT.","Validador y plantillas de rutas, vehiculos y operadores frecuentes que revisa los datos de la Carta Porte antes de timbrar y entrega un checklist de salida.",30.0,0.5,0.3,0.75,0.5,0.4,2,med,no_price_anchor;no_search_volume
local-ai-file-renamer,US,"Downloads folders and scans are full of names like scan001.pdf; renaming by content (date, vendor, amount) is manual, and the AI renamer tools are monthly-only or Mac-centric.","Local app that reads text-layer PDFs/images (OCR optional) and proposes consistent filenames like 2026-09-14_Vendor_Invoice-Total.pdf, with preview and undo; one-time price, nothing uploaded.",28.8,1.0,0.77,0.25,0.75,0.4,2,low,no_search_volume
screen-recorder-no-limits,US,"Loom's free plan limits recordings to 25 videos and 5 minutes, pushing users to $12.50-$18/creator/month plans.","Local screen+mic recorder with trimming and instant MP4 export, no time or count caps and no cloud; one-time purchase.",28.4,0.75,0.53,0.25,0.75,0.3,0,low,no_search_volume
phone-scan-to-clean-pdf,US,"Scanner apps hide behind weekly/annual subscriptions, watermark exports ('Scanned by CamScanner'), and charge users who say they cancelled.","Pay-once tool that turns phone photos/images into cropped, de-skewed, high-contrast multipage PDFs with no watermark or account (desktop or installable web app).",27.7,0.5,0.3,0.5,0.5,0.4,2,med,no_price_anchor;no_search_volume
nebenkostenabrechnung-kleinvermieter,EU,"Los pequeños propietarios en Alemania (1-5 viviendas) deben elaborar la Betriebskostenabrechnung conforme a BetrKV, HeizkostenV y reparto de CO2, y las opciones son suscripciones caras o software anticuado","App offline por ejercicio que calcula el reparto de gastos, calefacción y CO2 entre inquilinos y genera la liquidación en PDF con las partidas permitidas",27.6,1.0,0.3,0.5,0.5,0.4,0,low,no_price_anchor;no_search_volume
br-abnt-tcc-formatador,LATAM,"Estudiantes en Brasil entregan el TCC con errores de formato ABNT (margenes, espaciado, sumario, referencias) y los generadores de referencias no siempre siguen la nueva NBR 6023:2025.","Verificador de archivos .docx que audita margenes, espaciados, titulos y sumario segun ABNT y senala errores a corregir, con modo por institucion.",27.5,1.0,0.3,0.5,0.75,0.4,1,low,no_price_anchor;no_search_volume
landlord-rent-ledger-receipts,US,"Small landlords track rent, deposits, expenses and receipts in spreadsheets that break down, while full property-management software costs more than 1-10 units justify.","Local rent ledger with per-tenant balances, one-click payment receipts as PDFs, expense log and year-end CSV export; one-time purchase.",27.2,1.0,0.53,0.25,0.75,0.3,1,low,no_search_volume
passport-photo-maker-offline,US,Store passport photos cost about $17 for two prints and DIY photos get rejected for size/background/head-height errors; photo apps nickel-and-dime with unlock fees.,"Offline tool to crop to 2x2 inch spec, check head-height/background guides, and output a 4x6 print sheet (plus common visa sizes).",27.2,1.0,0.53,0.25,0.75,0.3,1,low,no_search_volume
jp-offline-transcription,ASIA,Transcribir reuniones y entrevistas en japonés sin enviar audio a la nube y sin suscripción,"App que transcribe audio en japonés localmente con modelos tipo Whisper, con etiquetas de hablante y exportación SRT/TXT",27.0,0.5,0.3,0.5,0.5,0.1,0,med,no_price_anchor;no_search_volume
bank-statement-pdf-to-csv-local,US,Turning PDF bank/credit statements into clean CSV/Excel/QBO for bookkeeping is manual or requires uploading financial statements to web converters.,"Local converter that parses text-layer bank statement PDFs into normalized CSV (date, description, amount, balance) with a review screen, exporting CSV/XLSX/QBO; no upload.",26.5,1.0,0.3,0.5,0.5,0.3,0,low,no_price_anchor;no_search_volume
whatsapp-imessage-chat-to-pdf,US,"Saving a long text/WhatsApp conversation as a clean, dated PDF 'for records' requires a Mac print trick, screenshots, or paid desktop tools.","Local converter that turns exported WhatsApp chat files (and, where permitted, iMessage backups) into paginated PDFs with timestamps, names and embedded images.",26.5,1.0,0.3,0.5,0.5,0.3,0,low,no_price_anchor;no_search_volume
mx-repartidor-ganancia-real,LATAM,"Repartidores de Rappi, Uber Eats y DiDi Food en Mexico ven ingresos brutos pero no calculan la ganancia neta por hora tras gasolina, mantenimiento y otros costos, y la reforma de plataformas cambia su situacion.","Registro diario (km, litros, ingresos, horas conectadas) que calcula la ganancia neta por hora y compara plataformas y franjas horarias.",26.4,1.0,0.3,0.5,1.0,0.4,2,low,no_price_anchor;no_search_volume
jp-nengajo-address-printing,ASIA,"Gestionar libreta de direcciones e imprimir tarjetas de Año Nuevo (年賀状) cada otoño, con la tendencia de 年賀状じまい",App local de libreta de direcciones con furigana y títulos de cortesía que imprime direcciones en tarjetas postales japonesas y marca contactos para dejar de enviar,26.3,0.75,0.3,0.5,0.5,0.1,1,med,no_price_anchor;no_search_volume
kr-household-ledger-onetime,ASIA,Usuarios coreanos rechazan la suscripción mensual de apps de 가계부 (libro de gastos) y buscan pago único o entrada manual,"Libro de gastos offline en pago único con categorías, presupuesto mensual, importación de CSV de tarjetas y sin conexión bancaria",26.3,0.75,0.3,0.25,1.0,0.1,1,med,no_price_anchor;no_search_volume
schedule-photo-to-calendar-ics,US,Parents and coaches receive game/practice schedules as PDFs or photos and must retype every event into their calendar.,"Import a schedule PDF/table or paste CSV text, preview events, and export a single .ics file for Google/Apple/Outlook; local parsing for text PDFs.",26.2,0.75,0.53,0.25,0.5,0.3,0,low,no_search_volume
rechnungs-pdf-umbenenner-lokal,EU,"Autónomos y pymes reciben decenas de facturas PDF con nombres inservibles y pierden tiempo renombrándolas y ordenándolas para la gestoría/Steuerberater, sin querer subirlas a la nube por RGPD","App de escritorio offline que lee cada PDF de factura (texto/OCR local), extrae proveedor, fecha, número e importe y los renombra y archiva en carpetas por mes con una plantilla configurable y CSV resumen",25.8,1.0,0.53,0.25,0.75,0.4,2,low,no_search_volume
in-gstr2b-reconciliation-local,ASIA,"Contadores y CAs pequeños en India concilian a mano GSTR-2B contra el registro de compras, con números de factura abreviados o mal escritos",Herramienta de escritorio offline que cruza GSTR-2B y registro de compras con coincidencia difusa y reporta las cuatro categorías de diferencias,24.7,1.0,0.3,0.5,0.75,0.2,1,low,no_price_anchor;no_search_volume
split-expenses-no-daily-cap,US,"Splitwise's free tier limits daily expense entries and shows ads/upsells, frustrating occasional users who want an unlimited one-time option.","Single-device trip/roommate expense splitter with unlimited entries, settle-up suggestions and shareable summary; one-time purchase.",24.0,0.75,0.53,0.25,0.5,0.3,1,low,no_search_volume
latam-fiados-cobranza-whatsapp,LATAM,Tiendas de barrio y pequenos negocios fian a clientes y pierden el control de saldos y recordatorios de cobro.,"Libreta de fiados que guarda saldos por cliente y genera con un toque el mensaje de cobro listo para enviar por WhatsApp (enlace wa.me), sin API.",23.0,1.0,0.3,0.25,1.0,0.4,2,low,no_price_anchor;no_search_volume
br-enem-redacao-correcao,LATAM,Estudiantes brasilenos necesitan feedback rapido y barato sobre su redacao del ENEM.,Corrector de redacao con rubrica de las cinco competencias del ENEM y seguimiento de progreso.,22.0,1.0,0.3,0.25,0.5,0.4,1,low,no_price_anchor;no_search_volume
jp-denshichobo-receipt-renamer,ASIA,"Autónomos y pymes de Japón deben conservar recibos y facturas electrónicas buscables por fecha, monto y proveedor (電子帳簿保存法) y renombran archivos a mano","App local que lee PDFs e imágenes de recibos con OCR japonés, propone el nombre 'fecha_proveedor_monto' y genera un índice buscable en CSV sin subir nada a la nube",21.9,0.75,0.3,0.5,0.5,0.2,1,low,no_price_anchor;no_search_volume
jp-invoice-number-bulk-check,ASIA,"Contabilidad de pymes japonesas debe verificar números de registro (T+13 dígitos) de proveedores, y el sitio oficial solo consulta uno por uno","App que lee una lista de proveedores, valida el formato T+13 dígitos y consulta el Web-API oficial de la NTA en lotes, marcando bajas o fechas fuera de vigencia",21.4,0.75,0.3,0.5,0.75,0.1,1,low,no_price_anchor;no_search_volume
ph-bir-8pct-calculator,ASIA,"Freelancers filipinos con la opción de 8% no entienden cómo aplicar la exención de ₱250,000 por trimestre en el 1701Q y cuándo vencen las presentaciones","Calculadora offline por trimestre del 8% con la exención acumulada, recordatorios de vencimientos (15-may, 15-ago, 15-nov y 15-abr) y registro de ingresos",21.4,0.75,0.3,0.5,0.75,0.1,1,low,no_price_anchor;no_search_volume
ar-casas-particulares-recibo-sueldo,LATAM,"Empleadores de personal de casas particulares en Argentina deben liquidar el sueldo mensual con escalas que cambian cada mes y, desde mayo de 2026, emitir un recibo de sueldo electronico obligatorio en ARCA.","Calculadora mensual que, segun categoria, horas, retiro y antiguedad, entrega el sueldo, aportes y los datos a cargar en el recibo de ARCA, con alerta cuando cambia la escala.",20.5,0.75,0.0,0.75,0.5,0.4,1,med,no_price_anchor;no_search_volume
th-fake-slip-check,ASIA,Vendedores online en Tailandia reciben comprobantes de transferencia falsos (programas que generan slips con monto y hora a gusto),"App que escanea el QR del slip, compara monto, fecha y beneficiario con lo esperado y alerta de inconsistencias, vinculada a un registro de pedidos",20.3,0.75,0.3,0.75,0.25,0.1,0,low,no_price_anchor;no_search_volume
etsy-listing-tag-title-kit,US,"Etsy sellers spend 20-40 minutes per listing on titles, descriptions and the 13 tags, and keyword tools are subscriptions.","Offline tag/title builder that expands a seed phrase into buyer-language variants, checks character limits and fills all 13 tags; one-time price.",20.2,0.75,0.3,0.25,0.5,0.3,1,low,no_price_anchor;no_search_volume
latam-planificaciones-docentes,LATAM,Docentes de Latinoamerica dedican tiempo a redactar planificaciones alineadas a su curriculo nacional y las plantillas genericas no cumplen los formatos oficiales.,"Generador de planificacion anual y por unidad con los campos oficiales de un pais (competencias, desempenos, NAP, bases curriculares) exportable a Word/PDF.",20.0,1.0,0.3,0.25,0.5,0.4,2,low,no_price_anchor;no_search_volume
jp-freelance-act-docs,ASIA,"Freelancers y quienes les encargan trabajo en Japón deben explicitar por escrito o email las condiciones del encargo (ley de freelancers, vigente desde 2024-11-01) y no tienen un formato oficial fácil","Generador local de PDF/email con las condiciones de la ley (trabajo, pago, fecha de pago, inspección, aviso de 30 días en contratos largos) a partir de un formulario",19.4,0.75,0.3,0.5,0.75,0.1,2,low,no_price_anchor;no_search_volume
tw-laobaodan-quote-calculator,ASIA,"Freelancers de Taiwán no tienen una herramienta específica para generar la 勞報單 y calcular la cotización desde el neto (retención de 10% más prima suplementaria de 2,11%)","Calculadora y generador de PDF de 勞報單 y cotización que parte del monto neto deseado, con umbrales y categorías de ingreso editables",19.4,0.5,0.3,0.5,1.0,0.1,2,low,no_price_anchor;no_search_volume
jp-resale-profit-ledger,ASIA,"Vendedores de Mercari y reventa en Japón necesitan llevar costo, comisión y ganancia por artículo para saber si superan el umbral de ¥200,000 de renta secundaria","Libro de compras y ventas offline con cálculo de ganancia, resumen anual por categoría y exportación CSV para la declaración",19.4,0.75,0.3,0.5,0.75,0.1,2,low,no_price_anchor;no_search_volume
in-ecom-label-crop,ASIA,"Vendedores de Meesho, Flipkart y Amazon recortan y combinan etiquetas de envío PDF a 4x6 o A6 para impresoras térmicas","App local que recorta etiquetas de PDFs de marketplaces, las ordena por SKU y las combina para impresora térmica 100x150",19.3,1.0,0.3,0.5,1.0,0.1,3,low,no_price_anchor;no_search_volume
kr-hwp-to-pdf-mobile,ASIA,Abrir y convertir archivos HWP (Hangul) a PDF en Mac o iPhone sin instalar Hancom Office,"Visor y conversor HWP a PDF offline para Mac, iOS o Android con fidelidad de tablas",18.7,0.75,0.3,0.5,0.25,0.1,3,med,no_price_anchor;no_search_volume
in-kruti-dev-unicode,ASIA,Oficinas públicas y mecanógrafos en India siguen con textos hindi en Kruti Dev (fuente heredada) que se ven como símbolos sin la fuente y deben convertirse a Unicode,"Conversor offline Kruti Dev a Unicode y viceversa con manejo de matras y conjuntos de consonantes, para documentos completos",18.6,0.75,0.3,0.25,0.75,0.1,1,low,no_price_anchor;no_search_volume
arbeitszeit-nachweis-minijob-kleinbetrieb,EU,Los pequeños empleadores alemanes y quienes tienen Minijobbers deben registrar el tiempo de trabajo (BAG 2022 y MiLoG) y no saben qué forma basta,"App local sencilla de hoja de horas con inicio, fin, pausa y duración, aviso de la regla de 7 días y conservación de 2 años, y exportación firmada mensual",18.5,1.0,0.0,0.5,1.0,0.4,3,med,no_price_anchor;no_search_volume
th-freelancer-wht-annual-tax,ASIA,Freelancers tailandeses reciben retención del 3% pero no saben si deberán pagar más o recibirán devolución al cierre del año,"Estimador local de impuesto anual a partir de ingresos y retenciones acumuladas, con registro de certificados de retención y gastos",17.9,0.75,0.3,0.25,1.0,0.1,2,low,no_price_anchor;no_search_volume
urencriterium-tracker-zzp-nl,EU,"Los zzp'ers holandeses deben demostrar 1.225 horas al año (urencriterium) para sus deducciones, incluidas horas indirectas, y las guías se contradicen en qué aplica","Registro local de horas directas e indirectas con avance hacia 1.225 h, nota de evidencia por día y exportación para la Belastingdienst",17.8,0.75,0.0,0.5,1.0,0.4,0,low,no_price_anchor;no_search_volume
mx-resico-pago-mensual,LATAM,"Personas fisicas en RESICO se confunden al declarar el pago mensual: la declaracion viene prellenada con lo facturado, no con lo cobrado, y omitir pagos puede sacarlas del regimen.","Calculadora mensual que, con una lista de lo efectivamente cobrado, aplica la tasa RESICO, avisa del vencimiento del dia 17 y lleva el control de pagos omitidos.",17.6,0.75,0.0,0.75,1.0,0.4,1,low,no_price_anchor;no_search_volume
telearbeit-tage-grenzgaenger-tracker,EU,"Los trabajadores transfronterizos (FR/BE/DE residentes que trabajan en LU, DE o CH) deben contar sus días de teletrabajo para no superar umbrales fiscales (34 días FR-LU) y de seguridad social (25% / hasta 49,9%) y no tienen herramienta simple","Calendario local que registra lugar de trabajo por día, cuenta días de teletrabajo y porcentaje de jornada por país, avisa al acercarse a los umbrales y exporta el justificante para el empleador",17.5,1.0,0.0,0.75,0.5,0.4,0,low,no_price_anchor;no_search_volume
gpsr-angaben-handmade-generator,EU,Los vendedores pequeños y de handmade en Etsy/marketplaces deben dar datos del fabricante y de seguridad por anuncio desde la GPSR (dic-2024) y no saben qué poner ni en qué idioma,"Asistente que decide si se aplica la obligación (fabricante UE o no), genera por producto el bloque de datos de fabricante, advertencias y etiqueta en varios idiomas, listo para pegar en el anuncio o imprimir",17.5,1.0,0.0,0.5,0.75,0.4,0,low,no_price_anchor;no_search_volume
jp-shift-table-onetime,ASIA,"Tiendas pequeñas en Japón arman horarios (シフト表) en papel o Excel con errores, y las apps gratuitas limitan empleados o cobran suscripción","App de horarios offline de pago único: tabla por persona, validación de dotación mínima y horas, exportación a PDF/imagen",17.5,0.5,0.3,0.25,0.75,0.1,1,low,no_price_anchor;no_search_volume
cn-fapiao-reimbursement-tiling,ASIA,Empleados y finanzas en China juntan facturas electrónicas (发票) en A4 para reembolso y suman importes a mano,"App local que une PDFs de facturas electrónicas en A4 de dos por página, extrae importes y exporta a Excel",17.5,0.5,0.3,0.25,0.75,0.1,1,low,no_price_anchor;no_search_volume
br-mei-limite-das-dasn,LATAM,"MEIs en Brasil no controlan su facturamento acumulado frente al limite anual ni los plazos del DAS y de la DASN-SIMEI, y la entrega tardia genera multa.","Registro simple de ingresos que muestra el acumulado vs. el limite anual del MEI, alerta al acercarse al tope y recuerda DAS y DASN-SIMEI.",17.0,1.0,0.0,0.5,1.0,0.4,1,low,no_price_anchor;no_search_volume
ar-monotributo-simulador,LATAM,Monotributistas argentinos no saben en que categoria estan ni cuanto pagaran tras cada actualizacion semestral y muchas calculadoras muestran escalas viejas.,"Simulador de categoria con la escala vigente que proyecta facturacion de 12 meses, alerta cercania al tope y compara servicios vs. bienes.",17.0,1.0,0.0,0.5,1.0,0.4,1,low,no_price_anchor;no_search_volume
ar-alquiler-ajuste-icl-ipc,LATAM,"Inquilinos y propietarios argentinos no saben que indice (ICL, IPC u otro) aplica a su contrato y cuanto sube el alquiler en cada ajuste.","Calculadora que detecta el indice segun fecha de firma y clausula, aplica el ajuste y avisa de los proximos aumentos.",17.0,1.0,0.0,0.5,1.0,0.4,1,low,no_price_anchor;no_search_volume
oss-schwelle-tracker-ecommerce,EU,Los vendedores online pequeños que venden a consumidores de otros países de la UE no saben cuándo cruzan el umbral de 10.000 EUR del One-Stop-Shop y qué IVA aplicar por país,"Contador local de ventas netas B2C por país de destino con aviso al acercarse a 10.000 EUR (año anterior y en curso), tabla de tipos de IVA 2026 por país y resumen trimestral para el OSS",16.8,0.75,0.0,0.5,0.75,0.4,0,low,no_price_anchor;no_search_volume
ztl-zfe-reisecheck-italia-francia,EU,Conductores extranjeros reciben multas meses después por entrar en ZTL italianas o en zonas ZFE francesas (Crit'Air) sin saberlo,"Lista previa al viaje por ciudad con reglas ZTL/ZFE, generador de correo en italiano o francés para registrar la matrícula en el hotel y recordatorio de pedir la Crit'Air",16.1,1.0,0.0,0.5,0.5,0.4,0,low,no_price_anchor;no_search_volume
pe-suspension-cuarta-categoria,LATAM,Independientes en Peru que emiten recibos por honorarios no saben si pueden pedir la suspension de cuarta categoria y siguen soportando el descuento del 8% por no entregar la constancia.,Verificador de elegibilidad con los topes 2026 que guia el tramite en SOL y recuerda renovar la constancia cada enero.,16.0,1.0,0.0,0.5,0.75,0.4,1,low,no_price_anchor;no_search_volume
co-renta-personas-naturales,LATAM,"Personas naturales en Colombia dudan si deben declarar renta y como completar el borrador de la DIAN, que puede omitir deducciones.",Verificador de obligacion a declarar con los topes en UVT y checklist de documentos y deducciones para revisar el borrador de la DIAN.,16.0,1.0,0.0,0.75,0.5,0.4,1,low,no_price_anchor;no_search_volume
recibos-verdes-pt-calendario-fiscal,EU,"Los trabajadores independientes portugueses se confunden al emitir recibos verdes (régimen de IVA, retención) y con las declaraciones trimestrales de Seguridad Social e IVA, cuyas fechas las fuentes dan distintas","Calendario y guía local para emitir la fatura-recibo con los campos correctos, recordatorios de declaraciones trimestrales y contador del límite de exención de IVA",15.5,0.75,0.0,0.5,0.5,0.4,0,low,no_price_anchor;no_search_volume
schengen-90-180-tracker-ees,EU,"Viajeros no UE, nómadas digitales y expatriados no saben cuántos días Schengen les quedan en la ventana móvil de 90/180 días, con el EES ya registrando entradas biométricamente y el ETIAS aplazado","Calendario local de entradas y salidas con cálculo de la ventana móvil (cuenta día de entrada y de salida, incluye viajes dentro de Schengen), simulador de viajes futuros y exportación",15.4,1.0,0.0,0.5,1.0,0.4,2,low,no_price_anchor;no_search_volume
mx-finiquito-aguinaldo-calculadora,LATAM,"Trabajadores en Mexico no saben cuanto les toca de finiquito, liquidacion, aguinaldo proporcional y PTU, y las calculadoras difieren entre si.","Calculadora paso a paso de finiquito, liquidacion y aguinaldo con explicacion de cada concepto.",15.4,0.75,0.0,0.5,0.75,0.4,1,low,no_price_anchor;no_search_volume
verpflegungspauschale-ausland-rechner,EU,"Autónomos y pymes alemanes que viajan al extranjero deben aplicar dietas de manutención por país, y las tablas secundarias dan cifras distintas","Calculadora offline de dietas por viaje con tabla BMF 2026 por país y ciudad, reglas de días de salida y llegada, comidas gratuitas y resumen por viaje",15.2,1.0,0.0,0.25,0.75,0.4,0,low,no_price_anchor;no_search_volume
my-myinvois-lite,ASIA,Pymes de Malasia con ingresos de RM1-5 millones (Fase 4 desde 2026-01-01) deben emitir e-facturas MyInvois y no tienen una opción ligera,"Generador ligero de e-facturas MyInvois con validación de TIN y descripciones, consolidación y envío por API o portal",14.9,0.75,0.3,0.25,0.25,0.1,1,low,no_price_anchor;no_search_volume
photographer-batch-resize-watermark,US,Photographers and sellers need quick batch resize + watermark + export presets for client delivery without paying a creative-cloud subscription.,"Drag a folder, apply saved resize/watermark/sharpen presets, and export web and proof versions in one pass.",14.8,0.75,0.0,0.25,1.0,0.3,0,low,no_price_anchor;no_search_volume
mieterhoehung-check-mieter,EU,"Los inquilinos alemanes que reciben una subida de alquiler no saben si es legal (Mietspiegel, Kappungsgrenze, Mietpreisbremse) y los chequeos fiables son de asociaciones con cuota o de abogado","Asistente que pide los datos de la carta de subida y calcula límites (20%/15% en tres años, 10% sobre la renta de referencia) y genera una respuesta tipo con los plazos",14.8,1.0,0.0,0.5,0.5,0.4,1,low,no_price_anchor;no_search_volume
co-factura-documento-soporte,LATAM,Pequenos comercios y personas naturales en Colombia no saben si estan obligados a facturar electronicamente ni como generar el documento soporte al comprar a proveedores no obligados.,Verificador de obligacion (tope de 3.500 UVT) y generador de documento soporte fisico en PDF con numeracion consecutiva y datos requeridos.,14.8,1.0,0.0,0.5,0.5,0.4,1,low,no_price_anchor;no_search_volume
mx-descarga-masiva-cfdi,LATAM,"Contribuyentes y contadores en Mexico necesitan bajar en lote los XML de facturas emitidas y recibidas del SAT, pero el servicio oficial exige e.firma y entrega por solicitudes asincronas.","Aplicacion local que solicita y descarga los paquetes del servicio del SAT por mes, separa emitidos/recibidos y vigentes/cancelados, y los exporta a Excel sin enviar credenciales a terceros.",14.8,1.0,0.0,0.5,0.5,0.4,1,low,no_price_anchor;no_search_volume
umsatzgrenzen-tracker-kleinunternehmer-forfettario-pt,EU,"Los autónomos con régimen simplificado de IVA (DE Kleinunternehmer, IT forfettario, PT art. 53) pueden perder la exención en pleno año al superar un umbral y no llevan un contador fiable de ingresos","Contador local de ingresos con umbrales configurables por país (año anterior y año en curso, prorrateo de inicio de actividad), alertas y simulación de qué pasa si se cruza el límite",14.6,1.0,0.0,0.5,0.75,0.4,2,low,no_price_anchor;no_search_volume
bfsg-kleinshop-check-erklaerung,EU,Las tiendas online y servicios pequeños en Alemania no saben si la ley de accesibilidad BFSG (vigente desde junio 2025) les afecta ni qué mínimo deben cumplir,Asistente que decide si aplica la exención de microempresa (solo servicios) y entrega una lista de comprobación WCAG 2.1 AA y una Barrierefreiheitserklärung (declaración de accesibilidad) prellenada,14.6,1.0,0.0,0.5,0.75,0.4,2,low,no_price_anchor;no_search_volume
nl-saldering-2027-simulador-datos-propios,EU,"Los hogares holandeses con paneles solares deben decidir antes de 2027 (fin de la salderingsregeling el 1-ene-2027) si cambiar de contrato o comprar batería, con calculadoras genéricas que suponen un autoconsumo medio","Simulador local que importa el CSV de consumo y producción del propietario y compara contrato fijo frente a dinámico, con y sin batería, con costes de entrega a la red",14.6,1.0,0.0,0.75,0.5,0.4,2,low,no_price_anchor;no_search_volume
reverse-charge-rechnung-helper-eu,EU,"Los freelancers que facturan a empresas de otros países de la UE no saben qué menciones, idioma y declaración recapitulativa exige una factura con inversión del sujeto pasivo","Asistente que decide el tratamiento de IVA (nacional, reverse charge, OSS), valida el número de IVA del cliente y genera la factura con las menciones correctas en el idioma del cliente",14.2,0.75,0.0,0.25,1.0,0.4,1,low,no_price_anchor;no_search_volume
cl-boleta-honorarios-retencion,LATAM,"Trabajadores a honorarios en Chile deben recalcular cada ano la retencion de sus boletas (15,25% en 2026) para saber el liquido y proyectar devolucion en la Operacion Renta.",Calculadora bidireccional bruto-liquido con tasa por ano y proyeccion de F22 segun ingresos y cotizaciones.,14.2,0.75,0.0,0.25,1.0,0.4,1,low,no_price_anchor;no_search_volume
latam-whatsapp-envio-masivo,LATAM,Negocios pequenos quieren enviar promociones y recordatorios a sus clientes por WhatsApp sin que bloqueen su numero ni violar las reglas de la plataforma.,"Planificador de difusiones que lleva registro de consentimiento (opt-in), segmenta listas y genera enlaces de mensaje individual con ritmo bajo, sin automatizar el envio.",14.0,1.0,0.0,0.5,0.25,0.4,0,low,no_price_anchor;no_search_volume
latam-ccse-simulacro-nacionalidad,LATAM,Latinoamericanos que solicitan la nacionalidad espanola deben aprobar el CCSE y buscan simulacros actualizados al manual 2026.,"Simulador de examen CCSE con las 25 preguntas por prueba, estadisticas de progreso y repaso de fallos.",14.0,0.75,0.0,0.5,0.75,0.4,2,low,no_price_anchor;no_search_volume
pdf-sign-and-fill-offline,US,"Signing or filling a PDF yourself hits e-signature free-plan limits, signups or ambiguity about what is free.","Offline tool to place a drawn/typed signature and fill text fields on any PDF, save reusable signature/initials, no account and no upload.",13.4,1.0,0.0,0.25,1.0,0.4,2,low,no_price_anchor;no_search_volume
netto-simulator-micro-regimes-es-fr-it,EU,"Los autónomos con regímenes simplificados (ES cuota por ingresos reales, FR micro-entrepreneur, IT forfettario) no saben cuánto apartar para cotizaciones e impuestos y las fuentes dan tipos distintos","Simulador offline que, dado el ingreso mensual esperado, calcula cuota, impuestos y neto, y avisa de cuánto apartar en cada trimestre",13.4,1.0,0.0,0.5,0.5,0.4,2,low,no_price_anchor;no_search_volume
behoerdenbrief-erklaerer-expats,EU,"Los expatriados y residentes extranjeros reciben cartas oficiales en alemán (Finanzamt, Ausländerbehörde, Jobcenter) que no entienden y tienen plazos de respuesta","Herramienta que explica una carta oficial en lenguaje sencillo, resalta plazos y acciones y produce una respuesta modelo, con procesamiento local para proteger datos",13.4,1.0,0.0,0.5,0.5,0.4,2,low,no_price_anchor;no_search_volume
latam-presupuestos-pdf-whatsapp,LATAM,"Prestadores de servicios y trabajadores informales necesitan enviar presupuestos profesionales en PDF por WhatsApp, con validez por inflacion y senas.","Generador de presupuestos con logo, validez en dias, sena y enlace de pago, exportable a PDF y listo para enviar por WhatsApp.",12.9,0.75,0.0,0.25,1.0,0.4,2,low,no_price_anchor;no_search_volume
latam-tandas-organizador,LATAM,"Grupos de ahorro informal (tandas, pandero, junta) coordinan aportes y turnos por chat sin respaldo y con riesgo de perder el dinero.","Registro de turnos, aportes y recordatorios por grupo, exportable al chat, sin custodiar dinero.",12.7,1.0,0.0,0.25,0.75,0.4,2,low,no_price_anchor;no_search_volume
exif-gps-photo-privacy-stripper,US,"People sharing photos online or with buyers want to strip GPS and camera metadata in bulk, but web tools handle one file at a time and miss sidecar data.","Offline batch EXIF/GPS stripper with a before/after report of what metadata was found and selective keep options (e.g. keep camera settings, drop GPS).",12.3,0.75,0.0,0.25,1.0,0.3,2,low,no_price_anchor;no_search_volume
enskild-firma-egenavgifter-planner-se,EU,"Los autónomos suecos (enskild firma) buscan un programa sencillo y barato para contabilidad, IVA y cálculo de cotizaciones, y las guías explican la base de egenavgifter de formas distintas","Planificador local que estima egenavgifter, IVA trimestral y neto, con la base del schablonavdrag explicada, y genera el resumen para la declaración NE",12.3,0.75,0.0,0.25,0.5,0.4,1,low,no_price_anchor;no_search_volume
ksef-begleiter-pl-mikrofirmy,EU,"Las microempresas polacas deben recibir facturas en KSeF desde feb-2026 y emitirlas desde ene-2027, y se quejan de avisos, correcciones y caídas de acceso en las herramientas oficiales","Compañero ligero que avisa de facturas nuevas o rechazadas, ayuda con borradores y correcciones y guarda copia local legible",12.2,0.75,0.0,0.75,0.25,0.4,2,low,no_price_anchor;no_search_volume
br-cnh-simulado-prova-teorica,LATAM,Candidatos a la CNH en Brasil necesitan practicar la prueba teorica y ahora el proceso puede hacerse sin autoescola.,Simulador offline con banco de preguntas por estado y repaso adaptativo de errores.,12.2,0.75,0.0,0.25,0.75,0.4,2,low,no_price_anchor;no_search_volume
latam-remesas-comparador,LATAM,"Quienes envian o reciben remesas desde Estados Unidos no saben cual servicio entrega mas pesos tras comision y tipo de cambio, y desde 2026 hay un impuesto de 1% a envios en efectivo.",Comparador manual de monto final recibido que incluye margen de cambio y el impuesto de 1% segun metodo de pago.,12.2,0.75,0.0,0.25,0.75,0.4,2,low,no_price_anchor;no_search_volume
sg-invoicenow-small-gst,ASIA,Negocios de Singapur con GST deben adoptar InvoiceNow (transmisión a IRAS) con calendario escalonado desde 2026,Conector ligero que prepara facturas en formato Peppol BIS y las envía vía un Punto de Acceso acreditado,11.8,0.75,0.3,0.25,0.0,0.1,0,low,no_price_anchor;no_search_volume
kontoauszug-pdf-zu-csv-lokal,EU,Autónomos y pymes necesitan convertir extractos bancarios en PDF a CSV/Excel o a formato de importación contable (p. ej. DATEV) y los conversores populares son nubes que suben datos financieros,"Conversor offline de extractos PDF de bancos europeos a CSV con perfiles de exportación (CSV estándar, DATEV, Lexware) y validación de saldos",11.7,1.0,0.0,0.25,0.5,0.4,2,low,no_price_anchor;no_search_volume
video-compress-to-size-limit,US,Videos exceed chat/email upload limits (Discord free reportedly lowered to 10 MB; Gmail counts attachments up to 25 MB) and trimming/compressing is fiddly.,"Pick a target size (10 MB / 25 MB), auto-trim and compress to hit it with one click, offline.",11.6,0.75,0.0,0.25,0.75,0.3,2,low,no_price_anchor;no_search_volume
verifactu-es-lite-facturacion,EU,"Los autónomos españoles no saben si su forma de facturar cumple VeriFactu y cuándo, con fechas aplazadas a 2027 y fuentes contradictorias sobre si Excel o Word sirven","Facturador local sencillo con registro encadenado de facturas y exportación compatible, más una lista de comprobación de la fecha que aplica a cada contribuyente",10.2,1.0,0.0,0.25,0.25,0.4,2,low,no_price_anchor;no_search_volume
chatgpt-chat-export-clean-pdf,US,"Exporting a long AI chat to Word/PDF without losing tables, code blocks, headings and formulas is clumsy; browser print includes site chrome.","Local tool that turns a saved/exported chat file into a clean, styled DOCX/PDF with tables and code preserved.",9.3,0.75,0.0,0.0,0.75,0.3,1,low,no_price_anchor;no_search_volume
