id,region,recomendacion,verificado,confianza_nueva,gratuitas_pasada1,gratuitas_pasada2,razon_del_agente
local-audio-file-transcriber,US,rework,partly,low,0,5,Only worth building as a zero-setup Windows/CPU-first app with DOCX/diarization-lite output aimed at non-technical users; otherwise free Vibe/Buzz make a $20 sale hard.
home-inventory-insurance-local,US,drop,partly,low,0,5,Free NAIC/III/Encircle apps plus $5-$10 one-time competitors leave no defensible reason to pay $20.
subscription-audit-from-bank-csv,US,drop,partly,low,0,7,"Free equivalents (LowerMySubs, Triimly, Rocket Money free, OS subscription lists) cover the core job, leaving no demonstrated reason to pay $20 once."
mileage-log-manual-export,US,rework,partly,low,0,5,Manual-log-only has no defensible edge over Stride/free tiers; only a past-mileage reconstruction pivot (priced far below MileageWise) has a price signal and it needs validation.
offline-pdf-toolkit,US,drop,partly,low,0,5,"Free offline tools (PDFsam, Stirling-PDF, Preview) and $5-$20 one-time competitors leave no defensible edge for a $20 merge/split/compress app."
offline-invoice-generator-freelancers,US,drop,partly,low,0,5,"Invoice creation is a solved, free problem (Wave, Zoho, Invoice Ninja, spreadsheets) and there is no first-hand evidence people will pay $20 for it."
resume-builder-no-billing-trap,US,keep,partly,med,1,5,Strong dated pain evidence and verified incumbent pricing; build it as local tailoring (keyword gap + job versions) rather than a plain builder.
dac7-ledger-vendedores-segunda-mano,EU,rework,partly,low,0,5,Reenfocar como contador de umbral multi-pais sin tope de articulos y sin suscripcion; hoy Margeo cubre el concepto en FR con plan gratis y plantilla Excel.
nebenkosten-check-mieter,EU,rework,partly,low,0,6,"Dolor y pago estan probados pero Nebenkostenpro (14,90 EUR con carta) y checks gratuitos de Mieterbund ya cubren lo mismo; solo sobrevive como checklist offline reutilizable con foco en privacidad y plazos, evitando valoracion juridica (RDG)."
rechtstexte-generator-datenschutz-impressum,EU,drop,partly,low,0,6,"Impressum y Datenschutz estan cubiertos gratis por generadores de abogados establecidos y el valor de pago (actualizaciones, Abmahnschutz, responsabilidad) exige respaldo legal que una micro-app no puede dar."
sepa-xml-desde-excel,EU,rework,partly,low,1,6,"El mercado esta maduro y barato (4,99-35 EUR) con opciones gratis; solo tendria sentido como convertidor local centrado en los formatos pain nuevos y validacion, aprovechando el cambio de nov-2026, con ventana de oportunidad corta."
e-rechnung-reader-offline,EU,drop,partly,low,3,8,"Los visores de e-factura son gratuitos y oficiales en DE, IT y PL, la emision offline es inviable en FR y PL por su arquitectura legal, y no hay senal de pago unico."
in-gst-billing-offline-onetime,ASIA,drop,partly,low,0,5,"Mercado saturado de opciones gratis y suscripciones de INR 399-3,399/anio sin evidencia de demanda por pago unico; el $20 no se sostiene frente a lo gratuito."
in-exam-photo-signature-resizer,ASIA,drop,confirmed,low,1,6,Dolor real pero resuelto gratis por decenas de herramientas y con WTP muy inferior a $20.
id-sscasn-document-prep,ASIA,drop,partly,low,2,3,"Estacional, resuelto gratis y sin disposicion a pagar $20 en Indonesia."
id-coretax-xml-validator,ASIA,rework,partly,low,1,3,"Pain real y vigente en 2026 pero solo defendible como pre-validador por filas para contadores multicliente, con riesgo de mantenimiento por cambios de plantillas de DJP."
vn-marketplace-fee-profit-tax,ASIA,rework,partly,low,1,4,"El dolor es real pero la clave es una calculadora de tarifas editable y sin suscripcion en VND, no una tabla fija, con riesgo alto de mantenimiento y sin WTP demostrado."
jp-pdf-tools-lifetime,ASIA,drop,partly,low,0,6,"Mercado saturado de herramientas gratuitas y utilidades de JPY 300, sin dolor documentado ni diferenciador."
ar-freelancer-factura-e-cobro-exterior,LATAM,rework,partly,low,3,4,"La duda fiscal es real pero ya la cubren guias y simuladores gratis, y las comisiones/reglas cambian demasiado para un pago unico de USD 20; solo vale si se reenfoca (p.ej. ficha de Factura E + checklist con vigencia fechada) o se fusiona con el candidato de otro pais."
br-freelancer-dolar-nfse-carneleao,LATAM,drop,partly,low,2,3,Existe una calculadora gratuita casi identica y la herramienta oficial es gratis; sin diferenciador defendible ni precios de referencia que sostengan USD 20.
mx-freelancer-usd-cfdi-resico,LATAM,rework,partly,low,1,4,Hueco estrecho (asistente IVA 0%/16% + CFDI para extranjero + RESICO en USD) rodeado de guias y calculadoras gratis; solo vale si se valida disposicion a pagar USD 20 con compradores reales.
br-motorista-app-lucro-real,LATAM,drop,partly,low,1,5,Alternativas gratuitas y suscripciones de R$ 2/mes o R$ 12/ano hacen inviable un pago unico de USD 20 en este segmento.
ar-courier-impuestos-compras-exterior,LATAM,drop,partly,low,1,4,"Consumidor masivo con calculadoras gratuitas, reglas inestables (IVA sin confirmar) y ninguna evidencia de disposicion a pagar USD 20."
latam-reposteria-costeo-es,LATAM,drop,partly,low,1,4,"Saturado, con techo de precio visible de USD 2-5 y el diferenciador (WhatsApp + multi-pais) ya vendido en Hotmart: USD 20 no es defendible."
